wt_id,mut_id,index,position,effect,group,side,replicates
0002dd56332cfca8c27ad4df373dbc0bfdd77d52142fc39371e73d3ebcee8c8f,232e6c23047f7694c22b96331d8e4d7210e64b17773c266349b9f0b5875914e5,133,134,0.456693899013032,K562_region_00932,b,1
0002dd56332cfca8c27ad4df373dbc0bfdd77d52142fc39371e73d3ebcee8c8f,6b8b62adc3cbc0d093243233be3c2396ded7537772a043b09ea627ffb4f39e2a,99,100,-0.146956913340214,K562_region_00932,a,1
00168b457470c8816bda0866eb22d68ed961da83060f0926a79d9f346d926aa6,a90034a486136cef9b26c0c79ffa6881d07eed365a9939989715ee9f20dd2fd2,99,100,0.101509265213699,K562_region_01548,a,1
00168b457470c8816bda0866eb22d68ed961da83060f0926a79d9f346d926aa6,fc02b80c613da2467ec38358a47c89fd0f25d06cf83255e8e5de6b9e0a8aeb16,147,148,0.0330694697824645,K562_region_01548,b,1
003645f3aa76446868ea222a8636d552e867f91935571749148b86ac5c41e70d,53e1374e2d8bb980f9ede5359ad7a8b6b6beb4c66e05b4d49f4a4b2608e3f509,99,100,0.554396046266439,K562_region_01812,a,1
003645f3aa76446868ea222a8636d552e867f91935571749148b86ac5c41e70d,dd5770b6d5e92c5b749c3bfd5239e3b17b9eeba516301fe54338e5006d3b78d6,144,145,0.0198252865150768,K562_region_01812,b,1
0047cf973b48cca2b2dc47ec1ce6150b774dff7cf2cf9d550661355566aedbae,8961bb203aa35eb2ee2747abaec383d6ea6f248f7d4bbaa3507ad12d9ec9f27d,102,103,-0.038474664147574,K562_region_00429,b,1
0047cf973b48cca2b2dc47ec1ce6150b774dff7cf2cf9d550661355566aedbae,a6500aec469d4848ec11ba53220327338f43a561d47c21f6fe5785db2254ddca,99,100,-0.16626113531807,K562_region_00429,a,1
0054108a408ba1d6e8fa104c565384390c33b000d42e3800bfe6dfc0fe307400,830b18ea22b45db7fa661f8d7773c690c4d8947a3f3e22b8159a5f91838d9813,99,100,0.0429357057632231,K562_region_02154,a,1
0054108a408ba1d6e8fa104c565384390c33b000d42e3800bfe6dfc0fe307400,f3204a9f11be847ca425317b61806ffbf053696dc145e42735b14ab41c7b91cb,143,144,-0.0816820935180495,K562_region_02154,b,1
007b61c572f6f98dd4f9f1d43d7f8ef6f40745badb6b9551c33341a18b900606,b9db45f221deb3f1ac4ae5e14aa23a16cef129c758d2f5ec1ae46bd7bcc24248,99,100,0.130012649399818,K562_region_00321,a,1
007b61c572f6f98dd4f9f1d43d7f8ef6f40745badb6b9551c33341a18b900606,f9be11aee3141155148b5b7f5103c73bf1e9ef46c776de5e3620d066e7962988,157,158,-0.105686118326214,K562_region_00321,b,1
0098db624bcfae6bb2bd3038cda5ea89f22f595be00974d39827712c997c2371,5840561b831a507831fc01f222f9c2a399ccc15601a3684c03dae90f0f8dd464,154,155,-0.1521532959931,K562_region_01001,b,1
0098db624bcfae6bb2bd3038cda5ea89f22f595be00974d39827712c997c2371,b17d6ecc25d36c72f544092d0f7920a43734af26bf5147a8b23023ffd20f2dfb,99,100,-0.121773533579739,K562_region_01001,a,1
00a0128c502a0ea6d12bf601f61bb77772c5771582b76c26fbcd82dd6ea22ec0,244cc31f7719a04e7676fbd49d89f510abc5ff0524e136149f3d079addf2fa63,99,100,-0.346047150070088,K562_region_00163,a,1
00a0128c502a0ea6d12bf601f61bb77772c5771582b76c26fbcd82dd6ea22ec0,2abe5f0199732c98a177eac94ca86009f1fa3146d1d17cd766c2eacdd7bb4cf9,123,124,-0.114313233554852,K562_region_00163,b,1
00c3f1bd35479c4fc8f4d8dbae847987751782eda60b98993ae3761cb715fc2c,07ab50196b06b9d1316600e90ea2692cae3db0a913aa7caa000e5545989e5560,164,165,-0.104018420798676,K562_region_00474,b,1
00c3f1bd35479c4fc8f4d8dbae847987751782eda60b98993ae3761cb715fc2c,4611b88fd83870421c13fe680fa8b6f0289381f4fb8775e5c881b10055470fa5,99,100,-0.121889218899943,K562_region_00474,a,1
00fbf1d7bae96733def5b517096afe05c3690d45f38f76720accf9b9e279113e,a00a2e4bfe71e062bb8f164a8f1ce8090c0318ea827daf3db225fab0efe59161,185,186,-0.0149439292708404,K562_region_02053,b,1
00fbf1d7bae96733def5b517096afe05c3690d45f38f76720accf9b9e279113e,d8fab4956bca87597543145ff015fc5a39f83488cbce4784025cbfa610edfb0b,99,100,0.938495563437158,K562_region_02053,a,1
01061cf7d9bcd22d187969ace8b74b13dc2886cb7447fcfcf36c0dbfc9b76ee5,e651e53c0211f731ff19ff9fb6557bc3aa95f467f9904ceb4d5b38bc018ada31,99,100,0.0317662792010868,K562_region_00210,a,1
01061cf7d9bcd22d187969ace8b74b13dc2886cb7447fcfcf36c0dbfc9b76ee5,f3340d80d25baa55b89d13deee6f76daf9c9ee340e7b235239d57200cf0cc6c5,152,153,-0.383594571297881,K562_region_00210,b,1
01350c6e3c59fbfc42168a5105e7512b4111809c9d3c59bc180ab2db2da24f4a,09908f375e7834d79b4ac73a5925820893c52b45478ae49ff52e0663ea499c41,137,138,-0.0685816920677142,K562_region_00241,b,1
01350c6e3c59fbfc42168a5105e7512b4111809c9d3c59bc180ab2db2da24f4a,ed113e384695aaa8a7e05b31bc2c8ed124e5e2a6fc1f841b98b6f1737efdb8f0,99,100,-0.316118565257378,K562_region_00241,a,1
0161c41a995d20c38bc4cf2e030812ff003843120caa425a6ef97c8b1215dd8e,122cd26c50c983740dd25123a8d6af5284238102762b7f6c7246b83a6eb6986b,182,183,-0.384424510493545,K562_region_01268,b,1
0161c41a995d20c38bc4cf2e030812ff003843120caa425a6ef97c8b1215dd8e,f6c2505089b6f2061cba93543874806411515e90d39b787657e7211e95d62983,99,100,-0.134955493798191,K562_region_01268,a,1
0172f2161dba45538d8a93926c74228d05f633be74e07c1b0443849be10d536b,4dbe58f85e226eb61d88067f4f1b6c964faf0c8aa8176dccb87f870713778166,99,100,0.0662543528171876,K562_region_00664,a,1
0172f2161dba45538d8a93926c74228d05f633be74e07c1b0443849be10d536b,9dfd29f105b4700861d49dd1818cd9be85c40d16d9578d825a1e779ee73d9bf3,124,125,-0.0079688538972323,K562_region_00664,b,1
0179be2e99c894837672f8d1bf16c7b0be84d4b5a9d85b161a80da2e2897afde,80868ecf1c6a202116caee97bc62f01af9f9db58625c3fb54565f077e6ab1672,144,145,-0.529091578746393,K562_region_01309,b,1
0179be2e99c894837672f8d1bf16c7b0be84d4b5a9d85b161a80da2e2897afde,8f7251f5a69ac05063b782d19c3c7752d00ee534931de780f354ebfd1e3369c9,99,100,-0.166113179715119,K562_region_01309,a,1
01b484ab978f379bf13f3ba9d4e1cfe2a492f34a5cd6780e9b4279d26967c137,26df0f74af303015d3f0e735ec3233c8e663981cb731abb678e97421eae3ad08,99,100,-0.641229891050131,K562_region_00529,a,1
01b484ab978f379bf13f3ba9d4e1cfe2a492f34a5cd6780e9b4279d26967c137,4fc7088cbb81063d1e8b7aba2d7df8230b3839cabe96ffe63a0f7f9b89b09777,135,136,-0.284671415293162,K562_region_00529,b,1
01c4a7c9b692858f1c4ca4ddfa7af63ecf6275049b3f4154bce7550da82146c1,19a9f1eac14c782673c3ce3090758f2154bff2551cf7c0b924367249be38e1bd,151,152,0.329969564483077,K562_region_01234,b,1
01c4a7c9b692858f1c4ca4ddfa7af63ecf6275049b3f4154bce7550da82146c1,32df85d41cfa709b0da5ee88154630355427b05e1f8cbb09b309df3f7213e178,136,137,0.292137321440176,K562_region_01234,b,1
01c4a7c9b692858f1c4ca4ddfa7af63ecf6275049b3f4154bce7550da82146c1,43e98cfd81fe502bff8707958b1a2782c70d0815701fe59e29434c8d7d864b30,99,100,0.422037436249146,K562_region_01234,a,2
01c4b72f588d75f4f6e56c31dbce7a53ffcd1806547731f04bfb83a92d81a74f,5384eef8bb7ea47070cf5a2c54e7cd94c1e42b0c761a43079c03d367cfd6b65d,99,100,0.0554136778900246,K562_region_02073,a,1
01c4b72f588d75f4f6e56c31dbce7a53ffcd1806547731f04bfb83a92d81a74f,b256f9102df11f26a6024c51b32b60604f09fdb7c72a40116c1fbb4c2b98191b,128,129,-0.0543512415292337,K562_region_02073,b,1
01e4ce0634d0b23bee2f6a4ea6046f80c5ae01a91cea5809777f7779fc221778,1ca3e2f1cc2585b5c385a736d35a7a6b005843a814afc55befbf13e0cbcc77fa,99,100,0.181171996019917,K562_region_00578,a,1
01e4ce0634d0b23bee2f6a4ea6046f80c5ae01a91cea5809777f7779fc221778,ba3108a551dbe78d5a5101b0987e363b6f717d8bfd2e17da7ee5d6b44da095b4,113,114,-0.182995357048384,K562_region_00578,b,1
0212cb4410a963650689ae1793a02edb8e1549162f736ceaa06b27a2a18c57af,0cbdf5b2207c6bc087235c4f0ed0d55c7def0c903de60918d76c16a6169ce734,99,100,-0.0288754542773872,K562_region_01930,a,1
0212cb4410a963650689ae1793a02edb8e1549162f736ceaa06b27a2a18c57af,4a2847914a16ec6b79e196600a72dfbc7677b0ced83c8b4c0b20aaeb20b5cf0d,117,118,-0.0608385807993794,K562_region_01930,b,1
023fd4c94e4fbd6cf5b67c51653ea8eb0d449b5bc386cc5e7bf2e9d7976dbf88,0e3884656d9c7e6f44c41b2bada0006486be63bf1055ca6b74ce9c986026ae2e,164,165,0.0430672207682124,K562_region_02205,b,1
023fd4c94e4fbd6cf5b67c51653ea8eb0d449b5bc386cc5e7bf2e9d7976dbf88,c1516feaeb9856caf39366dd7f4fb250ccd2dd2cd9e283e55881b47ba1abdc6b,99,100,-0.446814700843332,K562_region_02205,a,1
026f03c46b71baf035675782c4f8aa99d891745eb8a987bd35a0c0d4c59616d0,1696a6d999e210d293d640878fa7711269d4a5e9a2ce2ab93e76d6451c2d5025,163,164,-0.633184885004325,K562_region_01540,b,1
026f03c46b71baf035675782c4f8aa99d891745eb8a987bd35a0c0d4c59616d0,5502d8908384a89ffbc382d7ccf6b6cbf80ca2bcecda028c50191177567251b9,173,174,1.36345371474636,K562_region_01540,b,1
026f03c46b71baf035675782c4f8aa99d891745eb8a987bd35a0c0d4c59616d0,e431c562e3e9dcf0f5f1380fd860071da43a1b87d0c478f672163c6dbfd88fea,99,100,-0.000538272606764,K562_region_01540,a,2
0274dce77d4d102397b72634e135ff8d6c736283cfb8c641f494357574dbccc2,2bc763d45b2577b0c712f7a44c956c01b75691c7839f4b1da59bce5d70e823a6,99,100,0.509972607025583,K562_region_00751,a,1
0274dce77d4d102397b72634e135ff8d6c736283cfb8c641f494357574dbccc2,9554cf824961c68918f9f93b6e5e54b9559cbffe97f7a0061fa864d8530e4d44,179,180,-0.0647328570676724,K562_region_00751,b,1
02763595c767ed2c398207ac05352234f23b63e45e612ff68368d6c761745637,0112d5c0a14ebfd0bf910fee34996002f2c0bcd642b01b4cc2281e4b2e64dec8,99,100,0.0451374900283028,K562_region_00338,a,1
02763595c767ed2c398207ac05352234f23b63e45e612ff68368d6c761745637,2f51f26ac3f1976c586ca17b12ef391707916db7a545d44b135d6e3cc45be748,144,145,-0.186563994120753,K562_region_00338,b,1
029f5977c4b808eaf290b2222d3dba5f74c9812a20db3163277c0a89b33936c9,72bf89dcac3c114aef5809258a549828541313f94695cef8900a85c2111d7ef7,149,150,0.2568430932126,K562_region_00459,b,1
029f5977c4b808eaf290b2222d3dba5f74c9812a20db3163277c0a89b33936c9,9b4647938ae89d0ca3ba3c31d39d4a0e8000f1a2642afa80bf4e53d86f0d227e,99,100,-0.157378590776981,K562_region_00459,a,1
02d75c11e1dd0f3168b204c96f77bec223555f16ff8e77f5d7356bf5bf08558c,6a777e8c25f64c11fe0815361a2da12620b20a814684d90cc1a1488dcf8d6ad3,99,100,0.145701814706622,K562_region_01544,a,1
02d75c11e1dd0f3168b204c96f77bec223555f16ff8e77f5d7356bf5bf08558c,b5d1fda08ddae01a293642c152e5fc34dd1bc88f27f221d05b2b6aadfbd39787,112,113,-0.128615596941497,K562_region_01544,b,1
030a3fcf8730fd330f64eda6417258334ced3437641ff8b4fc1ea3febf78f7a0,59da0766ccba75243da87d1ee6dc2570481cc3cca7826672b51762be8678901d,99,100,-0.20902988417748,K562_region_01276,a,1
030a3fcf8730fd330f64eda6417258334ced3437641ff8b4fc1ea3febf78f7a0,ac7a935bab712988e632e43428a4b78eaf83bba26b0107110cac396874751f68,126,127,0.169245382710096,K562_region_01276,b,1
0354c04f1993acaebb852cb40adf7c3f7d0ca00f2ebfbfdb167d3b6b4c9a84ef,c1898a4032f9fb79de0afcedd53dca6f9faf3ff984150139d4e48d64f5a98f84,153,154,-0.135930436095824,K562_region_00247,b,1
0354c04f1993acaebb852cb40adf7c3f7d0ca00f2ebfbfdb167d3b6b4c9a84ef,cf533302add2c03bc1b48092f0a4617b784b56c40f8a7697656a28c6f2376515,179,180,-0.124593348844915,K562_region_00247,b,1
0354c04f1993acaebb852cb40adf7c3f7d0ca00f2ebfbfdb167d3b6b4c9a84ef,d8a361c3c5deb306943bd262e973bc7cf2c8c5af1b0de057df22e8f6f2fc0890,99,100,0.178183415933092,K562_region_00247,a,2
03c422beabf4a02bf58b69d3edd0d90225a8cfeb6ddff29a7ae5621fdaeae594,4f900f47c8cfce7eab0c7142ffe83c21563091d8da532f9f4b2eb1efda4177cb,160,161,-0.0408582738446396,K562_region_01382,b,1
03c422beabf4a02bf58b69d3edd0d90225a8cfeb6ddff29a7ae5621fdaeae594,ede67c82dff7d6294565aa791087caaba5c14d526c1eae2ef08a4ad692064dad,99,100,-0.129069540945739,K562_region_01382,a,1
03c7bd8c124c0ac2b065d671963b4bc6f18eb21c83101680ad9773c68105a22b,5cbde7571ec28ac5d66a174fd39dd711abea52bedd0d6109e78054af73742c7c,144,145,0.367541907548922,K562_region_01893,b,1
03c7bd8c124c0ac2b065d671963b4bc6f18eb21c83101680ad9773c68105a22b,be6d8d13f075f3f49b66d60e4fde6c992e233ebbb9422e5f8cd34046f535c551,99,100,0.692259187640808,K562_region_01893,a,2
03c7bd8c124c0ac2b065d671963b4bc6f18eb21c83101680ad9773c68105a22b,d3d42f4e439be512508122df21933890d42c57f7bc5062f594b9c0c4462e3c0c,138,139,0.284982766495641,K562_region_01893,b,1
03d0531eb0b07970706f877aa0d3d31d03b6baa5a30dc2b64a366c93a1769d5b,432c38c0c34c61ab169a65251c60ac09550281c1b9f7137d0aca4df7e01d7466,99,100,-0.0796224516416218,K562_region_00411,a,1
03d0531eb0b07970706f877aa0d3d31d03b6baa5a30dc2b64a366c93a1769d5b,c52e77ef6c663e9b742d1e9b72e9cbbd1ee3c87dbad5662511982d6c9091fc68,130,131,0.0509046071327067,K562_region_00411,b,1
03e1343f4583eb92e6a4991e60bc19bffb7f885086a2df01115da74405a87f9b,1edc6c9be187043f8878128b83140bbedc0baa3c0311ab35b1d079b1706cd709,99,100,0.896253106826697,K562_region_01849,a,1
03e1343f4583eb92e6a4991e60bc19bffb7f885086a2df01115da74405a87f9b,b2cd9bd00b929b01c05881f386374802df5313e6870f400d594962334d8ef6a5,103,104,1.00668600570642,K562_region_01849,b,1
03e9561ee4ddf886c2ecb76c592e2624f9dfb6e63b59ae94b861ff16b747d0ef,1c2887f0d15ec51d0b6964aa95bc7ad3370604fa813c6f2002b334ed1780428a,99,100,-0.0806003328509408,K562_region_00358,a,1
03e9561ee4ddf886c2ecb76c592e2624f9dfb6e63b59ae94b861ff16b747d0ef,9983794c2645a8330b6c2b25e0c444219b3a8701f497e2ceb4aa7745dd54100f,163,164,0.0829198593810802,K562_region_00358,b,1
03f6a112c594a56fcf46cf2ba636bdb27706021eec8583618ad73d2c43f733da,c5958e7b1c9b85a50e5a400c0175e5459d1d1d04c5443c999fe93e7289237891,99,100,-0.227059582169589,K562_region_00894,a,1
03f6a112c594a56fcf46cf2ba636bdb27706021eec8583618ad73d2c43f733da,d06eb6ed75179c105daac3daac252c59d2dd5467f13238b56891b63ec1d5417b,155,156,-0.246852678964147,K562_region_00894,b,1
04080a33ba45ede552e54612695c6bafbd81328d547549c7cf99289f9cd9ed44,580c48d0fc02029e5c4934a6c5c8c5b3e32bfe4343fe1c9eb1f5f60fd0997fc9,145,146,-0.528887616294601,K562_region_00652,b,1
04080a33ba45ede552e54612695c6bafbd81328d547549c7cf99289f9cd9ed44,9201bafd1980793498da3d674121c627be7a47324b1e524cad6d520e2df609a4,99,100,0.112459359028653,K562_region_00652,a,1
0419ed4af2a783b7ad6f31cc16c9b76b344cfd542947ac1dc4e47fd1add207fc,030d6ba5f4fc878cf26e2164689f7226e45fb18eb612f9228d90c489b59dd5d2,99,100,0.12487608432066,K562_region_02181,a,2
0419ed4af2a783b7ad6f31cc16c9b76b344cfd542947ac1dc4e47fd1add207fc,9c87a926965c07b96fad9824cee7d9644a743eadbe04bf72d69f332d63687e44,161,162,-0.120063833913621,K562_region_02181,b,1
0419ed4af2a783b7ad6f31cc16c9b76b344cfd542947ac1dc4e47fd1add207fc,d83da1d21409edfb0661ab7bf16cf39876f8f242c1993e684cee4e6c09289911,141,142,-0.219026005746579,K562_region_02181,b,1
0421457259c07a02c6815ebc7ec64f6b808f3d858247db677b4add018fb8ecfa,7ef8a14f03060bd409ded7d9b020faaac6568d0e3821112536cfe9fa6b50c906,99,100,-0.19245347251857697,K562_region_00983,a,2
0421457259c07a02c6815ebc7ec64f6b808f3d858247db677b4add018fb8ecfa,8599c22054049fcde0fe6eaf7a41693f8aee3fb8d4f6bdc92119d3eb12eb66d6,179,180,-0.042656254114968,K562_region_00983,b,1
0421457259c07a02c6815ebc7ec64f6b808f3d858247db677b4add018fb8ecfa,daab443aa4fa66a6326c6eeb0c58c5ffda9568faa565777abf90771ce1584dda,180,181,-0.159352650744464,K562_region_00983,b,1
048a5c961301e79ed18be80b14f6a6dc7be4b07c39b4a6a8698f37dc627bc02f,48f60a186738db8ef1728a97efde5591cd79e0c752975204b09c23035a5cea27,147,148,-0.28155652312386,K562_region_00096,b,1
048a5c961301e79ed18be80b14f6a6dc7be4b07c39b4a6a8698f37dc627bc02f,b33214852ffc0a1b2e1b9078f43c80081b5a75d8abd007d10f3170be135e584a,99,100,-0.295054722913014,K562_region_00096,a,1
0493636ebd5e2ab0f3e2d91ac41aa48dced0294b4676d53351b91e9b003304d3,13b62da57676d74f7bc283d3028a87458426ae4750666e9af6dbe57b69f7141c,99,100,0.0740764668131444,K562_region_02021,a,1
0493636ebd5e2ab0f3e2d91ac41aa48dced0294b4676d53351b91e9b003304d3,e1fa03ffb0dd0fcbaa2e1096428d72a1265e0808266b9da45aa6d2bb978bb1c5,174,175,0.0335106340100829,K562_region_02021,b,1
04bb5bfb1fe10d3278d3e8449f3fc35c3f3b1e9f25e1367e20d75e3258fa27d3,b7e6d90a6c140ab277b8b8c6776ec1effb7c23ed02111468f3e169494580884f,146,147,-0.066513071912866,K562_region_00556,b,1
04bb5bfb1fe10d3278d3e8449f3fc35c3f3b1e9f25e1367e20d75e3258fa27d3,c9131d5f70bc7789edba7aca2c1c5ba5bbf1fb34a8de2bc0a81c6648ccd65607,99,100,-0.256890265998785,K562_region_00556,a,1
04f8e427a0df81d22c07d85655939414482b0e8c933eaa01ef541bb1eddbfd0c,4cddc7b8fbc0102991b8aee382168f2a08dc778225a84dfbccf34cdb37a0c5b2,127,128,-0.270784903669719,K562_region_00201,b,1
04f8e427a0df81d22c07d85655939414482b0e8c933eaa01ef541bb1eddbfd0c,ddfb96ff53f6301e22fb88d23889423b74eaaf480d8d7932bf8e7a1b8524587c,99,100,-0.24502647563851,K562_region_00201,a,1
0506688dbdd938a5ae7b14b1783aa857086df49bc352d490299e5f7f2c6673bb,b0b1744c4fe742587667fc9ed7674665004f87e200946909f3419d42f357271c,174,175,-0.269271649890623,K562_region_01099,b,1
0506688dbdd938a5ae7b14b1783aa857086df49bc352d490299e5f7f2c6673bb,b60babd2ce319a4f50c0d2565fa3c0f1e80bb47350d499ac5ffb2888142fb7a2,99,100,-0.375953585085064,K562_region_01099,a,1
0530a35abdeef8d8063eb0bb98ad24c4b96edc2aecb9c05af991ae23a6969d13,98fe36ba2d8a1c4b3162a94c647f28935c723d726944e66d8245bf8f483bb485,99,100,0.205069111889438,K562_region_02104,a,1
0530a35abdeef8d8063eb0bb98ad24c4b96edc2aecb9c05af991ae23a6969d13,dfac29ff886fd8a0517d2d22cb98ea773b94a3318fd0c4e46b53d51bb8f80357,137,138,0.219022461913846,K562_region_02104,b,1
0533c8d14b79e334b99666012fcecf0d0596e102415505b20e42af341d50264c,215fadeb6aad48aaa2822c17d87c3b8804676d0a46105943759ed847712ee633,99,100,-0.0259517388754411,K562_region_00012,a,1
0533c8d14b79e334b99666012fcecf0d0596e102415505b20e42af341d50264c,f467de4fe58b89e371711a6df3bcb902dabf4bb929dbf9936a4671114d0df650,137,138,0.855559902997316,K562_region_00012,b,1
0544dc1734cdb75905f3244dfd1c2eb686c7a2440c4cb1ff0d3ca0291ca2ef10,9ce4a4f229d600eda875f7c0e19f35131acdcde0fa2f9e7ba7dd7ac7bc718dc7,99,100,0.618999467173457,K562_region_01674,a,1
0544dc1734cdb75905f3244dfd1c2eb686c7a2440c4cb1ff0d3ca0291ca2ef10,ec5e7ce05f4b6007a27ab523b8d305e8db6039c9441ef2410912fbf3ae40d74c,157,158,0.0002394673226038,K562_region_01674,b,1
05758fcd6211252735e3b17f4f45d5e2f889e9803e0859f63e7b6c2543adb38f,1fba486d475cdd06818999d7cfa7e43cd0451e8ee5a54b2643be1f5cc533beb6,147,148,-0.0269021249908462,K562_region_01105,b,1
05758fcd6211252735e3b17f4f45d5e2f889e9803e0859f63e7b6c2543adb38f,6341804a87598bf75ed1a2d0d6308a63345816b853f19f47219dfd9caf7666e6,99,100,-0.168555582857767,K562_region_01105,a,1
05b1c862fde2e5e5d2e26b6ce1cdfb0f83fb902b829d82522939be1d2635fa09,997fd5ba6d6fd36adc72aee1640886c26c9dae293724e7c40927e2327b0071c5,157,158,1.34937543440052,K562_region_00328,b,1
05b1c862fde2e5e5d2e26b6ce1cdfb0f83fb902b829d82522939be1d2635fa09,d4e362fc0755bb0f16c146756e0bea0ca7b0500c5a99eaade86b5e7a48d7d859,99,100,0.288610344086462,K562_region_00328,a,1
05c65e91defacf48f0b762a82ce10828e7202a1a00032ec3d143d5671e9d7703,163f74d505680f7b5b13d551fbd8d1624af5c8e141f0a547c650f3147dac187c,104,105,0.252726147281462,K562_region_00992,b,1
05c65e91defacf48f0b762a82ce10828e7202a1a00032ec3d143d5671e9d7703,29344d7b3a92b6b2767a096495757bf15067620e80b46c5190c6953ca5ad1d6c,99,100,0.33188858407035,K562_region_00992,a,1
05dd74dbb1b6a4650d33bb2029d60e22acbccc632b0fa23853cb6c4d99310900,81ec1213e2900f5ff3bb8018152b663db8294364b22f4ce5eae5f6673616fb0b,99,100,-0.164511928691067,K562_region_02238,a,1
05dd74dbb1b6a4650d33bb2029d60e22acbccc632b0fa23853cb6c4d99310900,8879421c85766c0a84bab4e87a97b6e5eddf7f9019e9c11b44b9ed60beaf6a3f,173,174,-0.301399126542356,K562_region_02238,b,1
05f6d346f6b4e650d388c213731d61a405c3cae7f598ee74e7ba62601924e8da,14e9bd3125d4c7eef4515576fd80193691ca00ea4eda790f3b083c3b8537375b,123,124,0.56692571283478,K562_region_00457,b,1
05f6d346f6b4e650d388c213731d61a405c3cae7f598ee74e7ba62601924e8da,8ce0067907ddcc7d54870696c26d1a3b540213668ab3eccc356ceed0dd8f5754,99,100,0.369477149509853,K562_region_00457,a,1
05fc9b13f879ccc994dc227cb77e4f2506674abde167dc21bc2757e9beae17b3,225477626e29cdbac0e9ee22f09f89794360729063c6369c0fd6eb632e1ff3fc,173,174,0.219477324815418,K562_region_01717,b,1
05fc9b13f879ccc994dc227cb77e4f2506674abde167dc21bc2757e9beae17b3,616b68b30a25f6d5c2ff3bbfc67b268d06549a5851e10767633d7d2e15595a49,155,156,0.623768260492638,K562_region_01717,b,1
05fc9b13f879ccc994dc227cb77e4f2506674abde167dc21bc2757e9beae17b3,a458de6881293e129a2f0570ed5ba36300c847c15a815d28a42c6bd3c6386312,108,109,-0.510894443590368,K562_region_01717,b,1
05fc9b13f879ccc994dc227cb77e4f2506674abde167dc21bc2757e9beae17b3,c9aff481de97778de3386118ec06d6f491f18a897edd388d21b6bd28fd6f0c32,99,100,-0.06983227857999767,K562_region_01717,a,3
060e85fef0cbaf8ecd73f896f13c6f72015a721f7eb8f2bd2e2fef222a25640c,04c7790e9f8372707215175f6dfd52bf92dd9aecaae1916d05c51327935e4d3b,163,164,0.685199044249932,K562_region_00375,b,1
060e85fef0cbaf8ecd73f896f13c6f72015a721f7eb8f2bd2e2fef222a25640c,eb319a1d16be28bc0732d9b77a2c259d5c7a413271dddf2db50a367e65cd7f35,99,100,-0.08076308919137,K562_region_00375,a,1
061e6fa0e377e8e23b484ead43347ab3998b9a5e1ced98412ca935e00c309297,107d9675fb520bb3ff9074a036db401ff0c40a99a4f6b2c30352461d59e72ca9,183,184,0.0386447894146308,K562_region_01312,b,1
061e6fa0e377e8e23b484ead43347ab3998b9a5e1ced98412ca935e00c309297,5a717125583440830bb85d4826c8377cbfaa8d94ada1361a433fc04423177140,99,100,0.024551292328294,K562_region_01312,a,1
067d6d936aae3f336b66517aa39bf266f89f89e6dc4ef062d9c3a17c0a1bfcd2,49725a870adb161927033277b9a7fc39bde5eacb7538593456adfc2e6f0a4635,99,100,-0.0777796976777332,K562_region_00458,a,1
067d6d936aae3f336b66517aa39bf266f89f89e6dc4ef062d9c3a17c0a1bfcd2,aac955848773b96502b8fedf97a473e984639b1fe6c632f6153c3ea2dfb57846,116,117,0.134978248250641,K562_region_00458,b,1
069288e13ed7558647bf5ba04d84341049d3fd394ad8a082ee4f52e9738bdb16,9a35db98e07041dd7bdf723ff1856a8686410537dafc8fab362ef550e8dce730,99,100,0.295294524642319,K562_region_00175,a,1
069288e13ed7558647bf5ba04d84341049d3fd394ad8a082ee4f52e9738bdb16,ceb6c80934316bdece82776caa395fa1f7ea761c1b4c75869790efcc3e797e95,161,162,0.200942063585263,K562_region_00175,b,1
06a0706661a09b266fabe3af1b5237f693c4c034b3e73f41352b5e4fd38ccbd3,0fa4bc4139152b1f22a4cfb20d2f341e1f27c57827354265238b823d5e56b3a1,156,157,0.249924748584731,K562_region_01771,b,1
06a0706661a09b266fabe3af1b5237f693c4c034b3e73f41352b5e4fd38ccbd3,7324969a4194f33ca77a29128bf878cc759c97c594c28e998949cd18a1ed148a,99,100,0.0096006615606806,K562_region_01771,a,1
06a950260571698df526ec6fc7936ce80f667ac7ece2bcf9b494ee19b6d4cb87,b4509bfcfddf6d1fe15678030fdee17997026e85b820c2237535f561fffad966,128,129,0.136249391539655,K562_region_01394,b,1
06a950260571698df526ec6fc7936ce80f667ac7ece2bcf9b494ee19b6d4cb87,f0f12633b39464372a89803a4d17936dbb7979af74835af0ee51eb9908c19605,99,100,0.192101503917829,K562_region_01394,a,1
07025db9e8f400973da7eab8514f47870d45310f36eaaa0f79a1b8ab02831f1d,6215c25d6dccf31c7d4db157a0ce2e520922e2c91f419d01d11ee4ec081f3161,139,140,0.0502134848442919,K562_region_01337,b,1
07025db9e8f400973da7eab8514f47870d45310f36eaaa0f79a1b8ab02831f1d,e00a8c0a6fbac80bcc88de3440ed1586715ae8c21a4ded89ba69806c7ef23b96,99,100,0.166920172161704,K562_region_01337,a,1
071331babbd50a8e2123900696d4e9dcc7a7f6a2822899cbaf37d3443d2f5108,c00c3ad3b2062faf01af612b8db0021ce2b0bce530f4f4606ad0ca0ec239c407,151,152,0.632716206536705,K562_region_00305,b,1
071331babbd50a8e2123900696d4e9dcc7a7f6a2822899cbaf37d3443d2f5108,cffabd7e57b29fc23a263f3ef328383b66f7bd3e047578fc0f0a9c6204697173,99,100,-0.24867368468274,K562_region_00305,a,1
0735b2ac371681e4b7b196ce4402c816c2a75127bd6dc981541db227ef20f760,4b7603643f199c63b3321327e71a07c27238467a62786fc75845e1f1ffb03dbc,108,109,-0.0551353169669731,K562_region_01841,b,1
0735b2ac371681e4b7b196ce4402c816c2a75127bd6dc981541db227ef20f760,9c79a9c376af2660fd29fa2ef3c77d649ab5ded04090af0b1da53b11d6400b79,126,127,0.266559139029028,K562_region_01841,b,1
0735b2ac371681e4b7b196ce4402c816c2a75127bd6dc981541db227ef20f760,c7c407e1c99d5037f34bffd1837bb18d33a02034e3e4a9755f95519bd697e1dc,99,100,0.591919031433729,K562_region_01841,a,2
07365680e4d2e0de89931308d3eda2474738554a9319a642e1a2a06a29583c22,1d2d9d7e0f6f659eef81d9ef081c38c5b7ede05b7d2b70f87cca3b2afe3735cf,99,100,0.0517790095304419,K562_region_01272,a,1
07365680e4d2e0de89931308d3eda2474738554a9319a642e1a2a06a29583c22,c2d22ffacafa8ad0d605db28f3accbef9e3a5caae1e82e4c19025670168c2cba,133,134,-0.145734550376426,K562_region_01272,b,1
07635757190b95e35c70601784eff03f46066a7ed02d089b1ae35383964aa72f,35d097c4ce0ca2d73544806a69a1cc80212fd968f8384b49c21aa04f9787c32a,99,100,-0.0362399591855647,K562_region_01221,a,1
07635757190b95e35c70601784eff03f46066a7ed02d089b1ae35383964aa72f,60c381111aa6e4a494f96416aed56aba8e3721d2b2bc594a13a418352cd5a06d,126,127,-0.148290801065835,K562_region_01221,b,1
077b31227631c568851dde9794a08e32aaaaf2d16f4f60309f94fb9193535034,8546025fab367274a933bee4f092d4a5abd822e43ac2487dc7606fb782e55fa7,99,100,0.106115716387482,K562_region_00694,a,1
077b31227631c568851dde9794a08e32aaaaf2d16f4f60309f94fb9193535034,bd569230517768c3fa313e0dbe6042162d1719d5731f48cbc0d19cec6779d0de,150,151,0.118905010282932,K562_region_00694,b,1
07802439fc771149e8381f536f8e51580827b5adc90c45fdf11b7bd95609de98,5fbc8b3a800156bb2de107815ae68519369d8e231f860601c433f1df8ee7fcff,119,120,-0.0487474234467447,K562_region_01172,b,1
07802439fc771149e8381f536f8e51580827b5adc90c45fdf11b7bd95609de98,ba6a4537835bd0b5cea7295fcd5068fafdfa6131bf0d48709e4b7e6bb167fa14,99,100,-0.440320387283524,K562_region_01172,a,1
078f25619442bafe91c4ce2d7fdb404a6f8382954dbafdd8e1ca9feb58365807,eba8b69d0db78d196aef0f25be3ba8f08bbdba777d28d7c9e5794ed2f91e618a,132,133,-0.0275834186725584,K562_region_01273,b,1
078f25619442bafe91c4ce2d7fdb404a6f8382954dbafdd8e1ca9feb58365807,f087c4fc4aea54bd079122b242a09f5e9bc2e934d20b4fdebbfdab959a65305c,99,100,0.0486159235136227,K562_region_01273,a,1
0841c26b53ff5477ba703b1a100de0323b256eede277cc8b4d9dc6ce15ee4ef6,1fa1c3b26e2cf873f6604c9d0bf5c0feba3903391af0712785b3576a0f70c9e4,99,100,0.0092316527989797,K562_region_00701,a,1
0841c26b53ff5477ba703b1a100de0323b256eede277cc8b4d9dc6ce15ee4ef6,d4c06ad72c0b08ce2456f8936a695324260b2ae644d2757b45a1ad4002af6f21,119,120,-0.131454919695736,K562_region_00701,b,1
08441e849e84adca31a1c4c88358eb6b0fc0cdbb8e1103a450dfdf29e3a37c7f,7f77c0835927455bb7f168f7f9b9350cb558a8a09f173ecaa5055bcc5d7393d0,99,100,0.264405490234335,K562_region_01237,a,1
08441e849e84adca31a1c4c88358eb6b0fc0cdbb8e1103a450dfdf29e3a37c7f,c94011549ad61132f688da9235d349c3914c71efc7d0b52d561d7f1cc3e25c6a,107,108,0.245242397574562,K562_region_01237,b,1
08a3523a4c561fc6bb06af9b3125f281935924e1ffa30f499bb2d19ae2132722,4a7bc1381e0e5113134debf5b98f0a70e51edd5ea740ff3bafc48b5ec2dc8128,99,100,-0.183881784791688,K562_region_01179,a,1
08a3523a4c561fc6bb06af9b3125f281935924e1ffa30f499bb2d19ae2132722,e138c528fe9c74f45a8398e902e8372e75cf036bcc87215eeeb2e8130d33e8be,185,186,-0.205567443954572,K562_region_01179,b,1
08b5395efe9a8b19903bfe9d1dbd9b7b2fd93ace3dff4dfe0a54399ed8707315,2113c40d96bcbefe470c8654b34ba3a25b31b027c82807240c9e1b0a491fb9c1,101,102,-0.199692575622552,K562_region_00965,b,1
08b5395efe9a8b19903bfe9d1dbd9b7b2fd93ace3dff4dfe0a54399ed8707315,9f9b6f6c4c725b04b1b968b338fa8446fa17e85b0d73fc3097fab9d77e82a7a5,99,100,0.0579944778300571,K562_region_00965,a,1
08b586e6783f99a18b51cc35fd0f86cce312b9ae45c830209979842cfdeac54c,1db21b1c4660893b5b06f442328e6656002ff173c9ee2fc8f74eaafbf593dc02,134,135,-0.114864534180561,K562_region_00989,b,1
08b586e6783f99a18b51cc35fd0f86cce312b9ae45c830209979842cfdeac54c,c17bc125cf7054ed63762c404217b8496582a9ea206cab7a91cc9397b780e34a,99,100,-0.0826532998816116,K562_region_00989,a,1
08c02242e4624503caed39bc54a7ae236ea075b21a2ce1b82c11dc240f4b0004,4ee1d36257571b841016416cd72364765978f1f8f3428e24e23124ab6ba09eca,99,100,0.371776503617398,K562_region_00895,a,1
08c02242e4624503caed39bc54a7ae236ea075b21a2ce1b82c11dc240f4b0004,86ccc26e146e5f899022b31b52f425c85cb68233557c9ecf67afe781a8eaadac,173,174,1.56578417433229,K562_region_00895,b,1
08de69c9eb0bb3f57f5d51cfd1d677959ef34cbb101d2a7e43e1562ab6010bac,7d328827dd778ddb847bae72a57382698e54b80e76097d258c2f8d8fb99cc403,169,170,-0.284922045698655,K562_region_00665,b,1
08de69c9eb0bb3f57f5d51cfd1d677959ef34cbb101d2a7e43e1562ab6010bac,b510bbc77d331c95e0dfeb210fbef1afc78078801dcea5ac8d6ac417c6772781,99,100,0.0845101328081922,K562_region_00665,a,1
09084c03c624e1c62aad94547d97f9e7ec563df03cf3a8118aef8caa6475e6b2,2899792f008d4f1afdba9e3c718a238f601cf904627e616c81ba620953c2d90c,99,100,0.0703411682227257,K562_region_01186,a,1
09084c03c624e1c62aad94547d97f9e7ec563df03cf3a8118aef8caa6475e6b2,97da52f829c30e7a89ff3c4406092884f1248f37f5ec7e950ee774f8aa9c863f,146,147,0.779616419794314,K562_region_01186,b,1
091f35efe20cd71482b1f88231d81e1f6a69ad2912fc2bb0a881e9bdb8e75d3d,78be4ae163d6a81d4d7bc5a2a7479d7684bd5a54c31f3d5cc62d2afe934e6ca2,145,146,-1.26700218447014,K562_region_00806,b,1
091f35efe20cd71482b1f88231d81e1f6a69ad2912fc2bb0a881e9bdb8e75d3d,e3a5da3791c4b2f11fcfbae7b8257fe8cc903be7f8bca71e802bc09d52cf16b8,99,100,-0.124402060748393,K562_region_00806,a,2
091f35efe20cd71482b1f88231d81e1f6a69ad2912fc2bb0a881e9bdb8e75d3d,ecbf8b0b464b0125d3fe25081cf0467640a1670f64cd7c694e78e314595f2c0a,148,149,-1.51769217920948,K562_region_00806,b,1
09393dc25274bf65ef85c4acc50f93cec88e69616f1cd26c6357a846aa8c532a,32c85ffca60111ce2a39cdee352a03143f4d69636af8fdf020db8858897d635a,99,100,-0.360561680987206,K562_region_01362,a,1
09393dc25274bf65ef85c4acc50f93cec88e69616f1cd26c6357a846aa8c532a,51d808903b34dd85d0bd6edf93a1b63837827bd02771d9f3210e83b9a1e1aa10,176,177,-0.610551512893069,K562_region_01362,b,1
094b554802cf506055cc2289dc8966f2b79e8d6b4bc3d1ca91b3719aa1be2af6,26613e7c5a8b8d4826dd169a42a1a37375c3271096b863073c23c6f9149f1a5c,99,100,0.12411983592729,K562_region_01233,a,1
094b554802cf506055cc2289dc8966f2b79e8d6b4bc3d1ca91b3719aa1be2af6,473e3ebbdf527bf2181f02d876b45204cec160356771187cfcd91212f53d76f5,119,120,0.0903968420997116,K562_region_01233,b,1
095ec89d1a4fb635aca092764f2e69d9fc317a9e697ad4fcc05906c93d5512ec,2552902ee5ac08f6f2af9faf6c06f4097fd354aee8117fd293caa5f1eef0b5f5,169,170,0.116225037993016,K562_region_01535,b,1
095ec89d1a4fb635aca092764f2e69d9fc317a9e697ad4fcc05906c93d5512ec,c7913d4e584a2c30375dcb9e831650d764369a269aeff875b580531ac830f43e,99,100,0.958848380944169,K562_region_01535,a,1
09654c2fa29c6b8721b3e8c77ee0aabac2d4c1e66b4942dd7bff4dccb2cfc768,70b1dbddf13680f1492403c7329805140ecdacb09708822a2472603026062c75,131,132,-0.41018207965676,K562_region_02222,b,1
09654c2fa29c6b8721b3e8c77ee0aabac2d4c1e66b4942dd7bff4dccb2cfc768,ab19a2d949cf8bf902d11beb12d7488d369e0365c399853aa922a35a9a399e09,99,100,-0.363795287661558,K562_region_02222,a,1
096a024ff506382b66d218cc44bc98c5b1bed64cb3fdca559cc3c33cc3c06969,40de68f210ab0a59f0e97b20084ee43f8587471be96d183dccfc6df71ec23cc7,99,100,-0.0719761184371021,K562_region_01651,a,1
096a024ff506382b66d218cc44bc98c5b1bed64cb3fdca559cc3c33cc3c06969,dcdb73f2d8fc7dd29ea03b5d8a24c7dfba7caf4558aa132e41481acb50a7994c,146,147,0.0007304409217352,K562_region_01651,b,1
098bdb5979c2b365679bb67039ffb351cf4d9db604e640d7a549d3fe47ae17d3,aa01ad4440fb20aece19309e974126bfe0874374a8ea1fc54df8b6467cbbe7d3,141,142,-0.849407196071579,K562_region_00749,b,1
098bdb5979c2b365679bb67039ffb351cf4d9db604e640d7a549d3fe47ae17d3,e0425a4db540074e102be2fd1bf57bc95a513a6e2d90fd2d9ce4c349862a76b5,99,100,0.62731299344559,K562_region_00749,a,1
09a3c1426d9c98b443d936b4a6c95ef06111a1cf0211e048a6723c5396dbfaa0,6ad72d0c0bab622916ba07e75107203bca74289f99623859f4d7c1467a8b41cf,99,100,-0.219582260772192,K562_region_00415,a,1
09a3c1426d9c98b443d936b4a6c95ef06111a1cf0211e048a6723c5396dbfaa0,dae481bb6bb771c778c163b682e6f515884503fce1be7c066d14734ce6f32b8d,111,112,-0.179299561521157,K562_region_00415,b,1
09a67ced4cf811bde97c0c517f5bfddaecae375083a3ccca15aa48046cc533f4,aa6853c14be3bcbdac9aa8fbc0ed83c343bb7d1119bea8487584d9c9c3f3f879,164,165,0.0203566760454987,K562_region_02199,b,1
09a67ced4cf811bde97c0c517f5bfddaecae375083a3ccca15aa48046cc533f4,edd868e1525c13a0b1d96bd3c77db3cf2f720fef0f868bde1a7d007b13c43af2,99,100,-0.80122064165719,K562_region_02199,a,1
09b1f1990a4df820702bbbf4e548844fab6c83285be1e65979ddfb6fc6560aa3,4d6b24bd52e58979c32c40fc8749f3aa47d4152210fe6736009a327624a650e9,171,172,0.546125112983333,K562_region_00785,b,1
09b1f1990a4df820702bbbf4e548844fab6c83285be1e65979ddfb6fc6560aa3,53e0c5c5b0d1a1bb121b2164f4c8834ffd09b4511e266f0889e0db619982d1a4,99,100,0.15647133773934,K562_region_00785,a,1
09c584e207731800942d3d0369404c7aceff3e552e7a0b45b075df3b08c30761,7a686d51654cd69c23790463449ea9f710c58368237dd1fc4de6c3aec8082cb3,135,136,-0.0643653204966824,K562_region_01789,b,1
09c584e207731800942d3d0369404c7aceff3e552e7a0b45b075df3b08c30761,8c86f0233e57a16c918fdf9c792ded85f69303841cb1fb23e274c08595440a68,99,100,-0.0120238252239945,K562_region_01789,a,1
09e600669b3d8273bc1525c8a2fb42588dd2ee38d3fdc117a7c978afed1022a5,641f2f5e4130edbe166bc5b5d24c8ddec9ab419d0f9397ab922ba746c4be21f6,119,120,-0.0611764786110118,K562_region_00422,b,1
09e600669b3d8273bc1525c8a2fb42588dd2ee38d3fdc117a7c978afed1022a5,98b1adead24b965db7180cf73b8beea683d148f154b70f2ccafe28573e3d8d56,99,100,0.27932300655679,K562_region_00422,a,1
09e9821ad67cd2c3c89a1edf811df8db129cfb9603b771e1dbfa13dadf90edfe,ad463c8cc21605852bb5213974ed3a3924fb90f8adc519f7b00b003a76902faa,102,103,0.202719608244874,K562_region_01004,b,1
09e9821ad67cd2c3c89a1edf811df8db129cfb9603b771e1dbfa13dadf90edfe,c1404e2c4882eba5c40f198296fd844d2d2501eebf99772b38f481c33efff53a,99,100,0.621401858221059,K562_region_01004,a,1
09ea244304da43c03182c9147bc954435f860e81998f7b0759359cb15391e12c,8e264cbdcb74073e3535db1b11da735f43a914e028c9c30e3ad5c37673379953,99,100,0.36206226232042,K562_region_01185,a,1
09ea244304da43c03182c9147bc954435f860e81998f7b0759359cb15391e12c,ffa93e28a1f53fad5d4c8d6c693916f55d6b7dc5608b0f6c09cb3e1d616b6293,154,155,0.196216419550891,K562_region_01185,b,1
09ec387483928ddeadccfb54bf8b4cc50f277135d5831560d8d9776317e5a87a,a494830dac591324d161348f5b3bac908507eeff7cc5984b39c2f0ae4bcb9712,164,165,0.11653295717116,K562_region_00048,b,1
09ec387483928ddeadccfb54bf8b4cc50f277135d5831560d8d9776317e5a87a,f69fa7abc1b71fa248b1b772e24b573da12668e37e5c0a368d843de8f4d54aef,99,100,0.239902283638023,K562_region_00048,a,1
09f0450efbefde57faea021b2a1a93044364fe78d0a47fb6b88d8ad4d0ab3496,6305a847ed4c21a9c045b57c3c0026295ffcc6e0837c7e41f2db8397cacd0c1e,99,100,-0.205834910997284,K562_region_01589,a,1
09f0450efbefde57faea021b2a1a93044364fe78d0a47fb6b88d8ad4d0ab3496,ce580dc32cf88fb2f9c0187f68d0fad61fe5943cda13c89cc79a9feb9a54368d,107,108,-0.0199287549593948,K562_region_01589,b,1
09f5376c40904ab8fed72847270b65b10d7cbb337cc84f3cadd0e60205b58d77,6ac58e15e3732c17cd04e583c287f7c16560d96fbddcc8d623c8d4bdbeedd385,180,181,0.117165027356206,K562_region_01003,b,1
09f5376c40904ab8fed72847270b65b10d7cbb337cc84f3cadd0e60205b58d77,7c13f0e0e7645345f5bbc2ec6104622c2a9fab3672cef7686586bc9ab76d0962,99,100,-0.155276371970102,K562_region_01003,a,1
0a3b9525268ed6ff5ff836d894341a95112c58e2dcd54c7d146b4d51482c36a5,61d34da4f1df11706a4256b48cadda044e9e369b24a6b2a83dccbfab0d320da3,120,121,0.351619416518501,K562_region_00011,b,1
0a3b9525268ed6ff5ff836d894341a95112c58e2dcd54c7d146b4d51482c36a5,dddd4afbe14b7ad428b71e1bc6f45e78a6e07ea5314dc515fc2404a7dee12bc7,99,100,-0.722045896411132,K562_region_00011,a,1
0a512f83960ba2be79265a5f89941d0050e3a7fb99ef2a336e500bde8c499ba5,1b486fe394e5e890f6c73604027bfb0744850f21aea8a4a48603b247e414f7ae,168,169,-0.0187349382201919,K562_region_00877,b,1
0a512f83960ba2be79265a5f89941d0050e3a7fb99ef2a336e500bde8c499ba5,8b484ba14eb8a9cde603462d6c9efeccc66577b9848b0a8561729323b98ed14b,99,100,-0.0185239674669481,K562_region_00877,a,1
0a6126140525ecde7fd6e1c991c0be4339b3524e5dd7287314d687e698779edb,7e1e7d8f0dd9d43574adc7a3ac2129b12fb2f997b4cf5acd12d7b72ae73577ab,99,100,-0.340163388204058,K562_region_00702,a,1
0a6126140525ecde7fd6e1c991c0be4339b3524e5dd7287314d687e698779edb,f58996ea6e3c706d3ccbf6a369da6c9302aeb8e36020722f2a07c7b590241343,139,140,0.125472927319648,K562_region_00702,b,1
0a6c78f3a047c879197ff91432f368217bea49e95375f8a535fbe43fb97b110a,e89b9199c2b42460b330752f9813ea2ea34e24d55fd4d7a47c0a240170e62591,103,104,0.147736286364303,K562_region_00465,b,1
0a6c78f3a047c879197ff91432f368217bea49e95375f8a535fbe43fb97b110a,fee037055ee467b8944c4140644ec6cee4369ceb216c9858e02c92285c5eab13,99,100,0.0522665611707637,K562_region_00465,a,1
0a711f2603648e05434fce5ee66ca4bf361655303984ab2c4e039d9eccfcebb8,50c4e2ef2c37160eaaecf2481a990d0cfabc32660405a6c36dba00d07a5823a0,99,100,0.44014193456558,K562_region_00157,a,1
0a711f2603648e05434fce5ee66ca4bf361655303984ab2c4e039d9eccfcebb8,64c227e9eaeadfd5aee71b407a1a9bd4ac0fc617627e64d7139824dc88743619,114,115,0.0171871910428157,K562_region_00157,b,1
